Language,Training Hours,CER
aae_Latn,1.6,22.6
aal_Latn,7.1,42.7
abb_Latn,8.1,9.2
abi_Latn,43.7,2.3
abk_Cyrl,33.4,4.9
abn_Latn,6.9,48.7
abp_Latn,44.9,0.2
abr_Latn,5.5,22.4
abs_Latn,6.6,9.1
aca_Latn,10.7,3.2
acd_Latn,28.4,1.3
ace_Latn,24.3,1.1
acf_Latn,29.1,0.6
ach_Latn,15.6,1.9
acm_Arab,2.0,14.7
acn_Latn,43.7,1.1
acr_Latn,23.3,1.2
acu_Latn,30.6,0.7
acw_Arab,17.8,4.6
ade_Latn,25.2,1.7
adh_Latn,18.9,1.3
adj_Latn,21.6,3.2
adx_Tibt,56.0,2.6
ady_Cyrl,30.4,7.7
aeb_Arab,16.4,20.1
aec_Arab,2.0,8.9
aeu_Latn,48.5,0.8
afb_Arab,14.6,41.8
afo_Latn,7.6,40.4
afr_Latn,244.7,4.7
agd_Latn,29.9,1.1
agg_Latn,1.7,6.1
agn_Latn,23.3,0.5
agr_Latn,26.6,1.1
agu_Latn,21.9,3.5
agx_Cyrl,1.5,6.5
aha_Latn,24.0,2.7
ahk_Latn,21.8,1.2
ahl_Latn,7.2,24.4
ahs_Latn,7.1,37.2
aia_Latn,45.1,1.4
ajg_Latn,29.5,6.5
aka_Latn,45.1,2.5
akb_Latn,49.4,0.4
ake_Latn,49.7,1.2
akp_Latn,37.3,1.9
ala_Latn,7.9,21.9
alj_Latn,21.4,0.3
aln_Latn,6.7,33.3
alo_Latn,6.6,14.5
alp_Latn,43.9,1.4
als_Latn,136.1,4.6
alt_Cyrl,35.2,0.8
alz_Latn,20.3,0.9
ame_Latn,71.7,0.5
amf_Latn,45.0,1.0
amh_Ethi,188.0,5.7
ami_Latn,105.2,0.5
amk_Latn,63.3,1.4
amu_Latn,7.0,3.7
anc_Latn,6.8,24.8
ank_Latn,6.8,28.1
ann_Latn,20.5,3.1
anp_Deva,5.3,45.7
anw_Latn,6.9,40.7
any_Latn,41.9,2.7
aom_Latn,5.1,22.2
aoz_Latn,3.0,3.8
apb_Latn,25.9,0.7
apc_Arab,6.2,11.5
apd_Arab,6.8,14.9
apr_Latn,33.2,0.7
arb_Arab,1146.2,2.4
arg_Latn,13.9,2.2
arl_Latn,61.0,0.7
arq_Arab,5.9,28.3
ars_Arab,14.3,38.9
ary_Arab,8.0,4.2
arz_Arab,5.7,9.9
asa_Latn,33.3,0.9
asg_Latn,43.2,2.5
asm_Beng,48.4,5.2
ast_Latn,8.1,4.8
ata_Latn,31.0,2.0
atb_Latn,47.5,1.0
atg_Latn,38.1,3.8
ati_Latn,39.5,2.0
atq_Latn,57.1,0.4
ava_Cyrl,37.9,0.8
avn_Latn,46.0,3.5
avu_Latn,34.5,2.0
awa_Deva,22.8,2.2
awb_Latn,20.9,1.9
awo_Latn,6.4,40.9
ayl_Arab,15.0,10.6
ayo_Latn,59.0,1.4
ayp_Arab,4.2,7.8
ayr_Latn,23.4,0.8
ayz_Latn,8.9,3.2
aze_Arab,17.9,0.5
aze_Cyrl,18.8,0.6
aze_Latn,28.3,2.9
azg_Latn,47.6,3.3
azz_Latn,36.9,0.8
bag_Latn,8.1,6.2
bak_Cyrl,222.5,1.9
bam_Latn,15.1,1.0
ban_Latn,34.8,0.4
bao_Latn,23.2,0.9
bas_Latn,59.8,9.7
bav_Latn,21.3,2.4
bax_Latn,7.5,8.0
bba_Latn,24.8,2.3
bbb_Latn,69.4,1.4
bbc_Latn,116.0,0.4
bbj_Latn,8.9,17.7
bbl_Geor,8.2,10.0
bbo_Latn,34.3,2.8
bbu_Latn,6.4,31.5
bcc_Arab,10.8,1.0
bcc_Latn,10.8,1.0
bce_Latn,7.0,16.2
bci_Latn,8.3,10.7
bcl_Latn,32.8,0.4
bcs_Latn,7.3,31.4
bcw_Latn,25.1,2.2
bcy_Latn,6.1,21.6
bcz_Latn,7.1,41.4
bda_Latn,6.3,17.4
bde_Latn,6.3,32.3
bdg_Latn,14.4,1.7
bdh_Latn,58.7,1.5
bdm_Latn,6.6,34.3
bdq_Latn,21.9,0.9
bdu_Latn,43.2,1.6
bdv_Orya,0.8,3.1
beb_Latn,7.0,34.3
beh_Latn,34.9,3.1
bel_Cyrl,483.0,1.6
bem_Latn,79.7,0.8
ben_Beng,342.1,2.8
bep_Latn,49.8,0.4
bew_Latn,13.9,15.7
bex_Latn,24.0,1.3
bfa_Latn,46.9,0.6
bfd_Latn,6.9,29.8
bfo_Latn,39.5,1.7
bft_Arab,13.4,5.1
bfy_Deva,42.9,0.5
bfz_Deva,16.6,2.4
bgc_Deva,21.7,2.3
bgp_Arab,8.4,24.5
bgq_Deva,35.6,2.2
bgr_Latn,20.1,1.2
bgt_Latn,28.6,0.5
bgw_Deva,40.9,0.3
bha_Deva,2.7,2.1
bhb_Deva,6.4,21.9
bhh_Cyrl,7.0,1.1
bho_Deva,5.5,16.5
bhp_Latn,6.7,13.3
bhr_Latn,0.8,25.4
bht_Deva,24.8,2.6
bhz_Latn,42.0,0.6
bib_Latn,18.0,3.2
bim_Latn,19.6,1.3
bis_Latn,32.1,1.2
biv_Latn,17.0,2.2
bjj_Deva,6.7,9.0
bjk_Latn,6.8,37.3
bjn_Latn,7.2,6.6
bjr_Latn,60.1,7.5
bjt_Latn,6.8,18.9
bjv_Latn,21.1,1.7
bjw_Latn,32.0,2.9
bjz_Latn,25.7,1.4
bkd_Latn,39.5,0.7
bkh_Latn,6.0,5.6
bkm_Latn,8.6,17.4
bkv_Latn,23.0,2.4
bky_Latn,5.9,39.1
ble_Latn,9.0,33.1
blh_Latn,42.3,3.8
blt_Latn,38.9,0.5
blx_Latn,41.4,0.3
blz_Latn,22.2,1.0
bmm_Latn,13.6,20.1
bmq_Latn,37.3,2.7
bmr_Latn,57.8,2.1
bmu_Latn,43.7,1.2
bmv_Latn,42.8,2.6
bng_Beng,18.7,1.5
bnm_Latn,12.2,9.7
bnn_Latn,7.6,3.4
bno_Latn,52.7,0.2
bnp_Latn,23.1,0.7
bns_Deva,5.7,17.2
boa_Latn,25.1,1.2
bod_Tibt,73.5,2.6
boj_Latn,54.0,0.6
bom_Latn,50.0,1.5
bor_Latn,59.9,1.3
bos_Latn,110.6,2.2
bou_Latn,6.4,19.0
bov_Latn,37.4,1.7
box_Latn,36.9,1.5
bpr_Latn,19.5,0.4
bps_Latn,21.2,1.0
bqc_Latn,13.9,3.4
bqg_Latn,6.7,34.9
bqi_Arab,2.5,2.8
bqj_Latn,45.9,1.0
bqp_Latn,30.4,3.2
bra_Deva,6.6,25.6
bre_Latn,3.3,19.4
brh_Arab,13.0,8.2
bri_Latn,7.5,18.9
bru_Latn,24.2,0.8
brx_Deva,6.9,30.9
bsc_Latn,20.5,1.9
bsh_Arab,6.8,10.3
bsj_Latn,6.6,24.1
bsk_Latn,7.1,5.3
bsq_Latn,35.0,1.4
bss_Latn,20.3,5.0
bsy_Latn,7.4,10.3
btd_Latn,38.8,0.6
btm_Latn,7.5,10.2
bts_Latn,45.2,0.5
btt_Latn,47.1,2.9
btv_Arab,7.2,4.8
btx_Latn,118.4,0.3
bud_Latn,21.0,2.9
bug_Latn,7.4,10.3
bul_Cyrl,187.5,2.3
bum_Latn,28.2,8.8
buo_Latn,6.8,17.1
bus_Latn,30.6,3.1
bux_Latn,5.8,23.0
bvb_Latn,7.0,31.2
bvc_Latn,29.2,1.9
bvz_Latn,71.0,1.1
bwq_Latn,19.8,1.8
bwr_Latn,7.2,30.3
bwu_Latn,27.3,2.2
bxf_Latn,6.8,20.4
bxk_Latn,6.8,12.6
byc_Latn,7.3,37.3
byr_Latn,62.7,1.4
bys_Latn,7.0,19.9
byv_Latn,10.2,57.3
byx_Latn,6.3,36.0
bzh_Latn,43.0,1.1
bzi_Thai,28.0,2.5
bzj_Latn,44.4,0.4
bzw_Latn,6.8,33.8
caa_Latn,34.2,2.0
cab_Latn,89.0,2.0
cac_Latn,55.1,3.0
cak_Latn,203.8,1.9
cap_Latn,24.1,1.3
car_Latn,24.1,1.8
cas_Latn,30.0,1.5
cat_Latn,2012.8,1.4
cax_Latn,22.2,0.9
cbc_Latn,30.2,1.3
cbi_Latn,59.9,0.6
cbr_Latn,59.2,1.5
cbs_Latn,33.1,0.9
cbt_Latn,22.0,3.0
cbu_Latn,34.0,1.6
cbv_Latn,26.2,2.0
cce_Latn,39.4,0.8
ccg_Latn,5.8,35.8
cco_Latn,21.0,2.5
cdj_Deva,26.0,1.9
cdo_Hans,6.0,121.1
ceb_Latn,196.8,2.0
ceg_Latn,22.2,1.6
cek_Latn,52.6,0.6
cen_Latn,6.6,30.7
ces_Latn,318.3,1.9
cfa_Latn,7.0,36.3
cfm_Latn,21.3,1.2
cgc_Latn,49.6,0.4
cgg_Latn,46.0,12.4
che_Cyrl,34.6,2.5
chf_Latn,4.9,1.2
chq_Latn,6.5,34.2
chv_Cyrl,54.2,6.0
chz_Latn,20.7,3.9
cjk_Latn,15.6,9.1
cjo_Latn,61.4,0.6
cjp_Latn,18.7,1.5
cjs_Cyrl,4.4,2.4
ckb_Arab,59.6,6.0
ckl_Latn,6.6,32.3
cko_Latn,22.8,2.6
ckr_Latn,6.6,20.5
ckt_Cyrl,3.0,3.1
cky_Latn,5.9,19.1
cla_Latn,36.2,1.3
cle_Latn,40.9,1.4
cly_Latn,17.8,2.8
cme_Latn,18.8,3.0
cmn_Hans,9941.5,11.5
cmn_Hant,229.4,11.8
cmo_Khmr,48.9,1.5
cmo_Latn,48.9,0.5
cmr_Latn,48.6,1.0
cnh_Latn,47.6,4.4
cni_Latn,29.0,0.7
cnl_Latn,41.5,2.3
cnt_Latn,18.3,3.4
coe_Latn,23.5,1.0
cof_Latn,63.3,1.1
cok_Latn,58.7,2.5
con_Latn,24.4,1.4
cor_Latn,9.5,1.1
cot_Latn,70.5,0.4
cou_Latn,20.7,2.1
cpa_Latn,20.9,2.1
cpb_Latn,63.7,0.4
cpu_Latn,62.4,0.6
cpx_Hans,7.0,41.8
cpy_Latn,7.0,3.5
crh_Cyrl,38.6,0.5
crk_Cans,30.7,3.8
crk_Latn,18.0,0.9
crn_Latn,32.3,4.1
crq_Latn,63.7,3.6
crs_Latn,38.6,0.3
crt_Latn,61.3,1.8
csk_Latn,24.1,1.1
cso_Latn,42.5,1.0
ctd_Latn,43.4,1.9
cte_Latn,6.9,29.2
ctg_Beng,38.7,1.5
ctl_Latn,6.2,16.8
cto_Latn,11.9,1.0
ctu_Latn,26.5,3.3
cuc_Latn,19.5,2.6
cui_Latn,66.9,0.8
cuk_Latn,32.7,2.2
cul_Latn,70.5,1.8
cut_Latn,7.1,10.7
cux_Latn,7.2,12.6
cwa_Latn,50.4,0.8
cwe_Latn,36.2,0.9
cwt_Latn,20.9,2.3
cya_Latn,17.8,2.3
cym_Latn,101.7,4.0
daa_Latn,18.0,2.0
dag_Latn,7.1,3.8
dah_Latn,56.3,0.2
dan_Latn,286.8,5.0
dar_Cyrl,1.7,1.9
dav_Latn,2.3,26.6
dbd_Latn,6.1,43.2
dbj_Latn,5.6,1.1
dbq_Latn,53.8,0.9
dcc_Arab,5.9,29.8
ddn_Latn,32.2,2.4
ded_Latn,20.0,1.3
deg_Latn,7.7,35.5
des_Latn,29.4,1.2
deu_Latn,5289.3,1.5
dga_Latn,37.9,0.8
dgh_Latn,5.9,33.9
dgi_Latn,20.4,1.9
dgk_Latn,38.2,1.8
dgo_Deva,16.8,3.0
dgr_Latn,14.8,1.8
dhi_Deva,22.8,1.4
did_Latn,45.0,1.2
dig_Latn,21.1,0.8
dik_Latn,19.0,4.5
dip_Latn,17.5,4.7
div_Thaa,7.6,5.8
dje_Latn,11.9,26.6
djk_Latn,40.8,4.6
dmk_Arab,7.1,15.9
dml_Arab,7.4,5.1
dnj_Latn,48.0,2.5
dnt_Latn,64.3,0.9
dnw_Latn,64.6,0.5
dop_Latn,17.6,2.2
dos_Latn,39.6,2.9
dru_Latn,7.3,4.0
dsh_Latn,52.0,1.1
dso_Orya,1.0,2.8
dtp_Latn,61.4,0.6
dts_Latn,20.8,1.7
dty_Deva,7.7,25.4
dua_Latn,26.9,5.4
dug_Latn,24.9,1.4
dwr_Latn,19.4,1.7
dyi_Latn,22.8,1.7
dyo_Latn,23.5,1.5
dyu_Latn,92.8,6.5
dzg_Latn,5.7,29.7
dzo_Tibt,23.0,3.7
ebu_Latn,6.0,19.0
ego_Latn,6.5,32.3
eip_Latn,75.6,0.8
eiv_Latn,6.5,29.6
eka_Latn,45.7,1.6
ekk_Latn,67.5,2.5
eko_Latn,4.9,10.7
ekr_Latn,7.3,42.5
ell_Grek,349.3,2.5
ell_Grek_cypr1249,7.3,6.0
elm_Latn,7.3,45.3
emp_Latn,22.5,1.1
enb_Latn,17.3,2.4
eng_Latn,63591.5,3.0
enx_Latn,49.2,1.5
epo_Latn,246.6,1.7
ese_Latn,38.3,1.0
ess_Latn,53.4,0.8
esu_Latn,4.7,1.4
eto_Latn,6.3,15.1
ets_Latn,6.7,50.1
etu_Latn,6.3,32.3
eus_Latn,288.3,0.8
evn_Cyrl,2.6,4.5
ewe_Latn,133.5,1.0
ewo_Latn,10.5,17.0
eyo_Latn,6.6,20.6
eza_Latn,23.7,2.9
fal_Latn,17.0,1.9
fan_Latn,16.4,29.0
fao_Latn,125.8,0.9
far_Latn,58.8,2.4
fas_Arab,214.7,3.4
fat_Latn,7.0,22.4
fia_Latn,6.0,39.3
fij_Latn,33.6,0.9
fil_Latn,72.1,1.6
fin_Latn,329.6,1.2
fip_Latn,7.0,26.5
fkk_Latn,6.2,46.5
flr_Latn,50.4,0.9
fmp_Latn,8.5,19.0
fmu_Deva,6.9,3.7
fon_Latn,137.2,1.4
fra_Latn,4615.1,2.2
frd_Latn,54.5,0.6
fry_Latn,6.2,4.0
fub_Latn,10.4,5.2
fuc_Latn,29.0,32.2
fue_Latn,9.8,9.3
ful_Latn,150.5,7.4
fuq_Latn,3.7,27.3
fuv_Latn,6.5,23.2
gag_Cyrl,32.0,0.7
gag_Latn,32.0,0.7
gai_Latn,67.4,0.4
gam_Latn,24.7,1.2
gau_Telu,41.2,1.5
gbi_Latn,35.7,0.4
gbk_Deva,17.1,3.3
gbm_Deva,30.6,11.2
gbo_Latn,47.5,3.6
gbr_Latn,8.4,29.8
gby_Latn,8.9,28.5
gcc_Latn,5.9,25.3
gde_Latn,24.5,2.6
gdf_Latn,8.4,34.0
geb_Latn,4.2,2.1
gej_Latn,28.7,4.3
ges_Latn,6.8,16.4
ggg_Arab,4.1,10.8
gid_Latn,7.1,52.2
gig_Arab,7.0,5.6
gil_Latn,42.8,1.7
giz_Latn,7.0,8.7
gjk_Arab,13.9,47.3
gjn_Latn,21.0,3.1
gju_Arab,7.0,3.6
gkn_Latn,39.9,2.5
gld_Cyrl,2.8,3.9
gle_Latn,75.2,17.2
glg_Latn,120.2,1.4
glk_Arab,6.1,1.7
glv_Latn,7.0,4.6
glw_Latn,7.3,31.2
gmv_Latn,17.9,1.7
gna_Latn,31.6,3.5
gnd_Latn,30.8,3.7
gng_Latn,34.8,2.1
gof_Latn,18.0,1.1
gog_Latn,23.0,0.8
gol_Latn,5.4,32.7
gom_Deva,6.0,32.2
gor_Latn,24.5,1.0
gqr_Latn,47.2,1.5
grc_Grek,13.7,4.0
gri_Latn,59.7,0.4
grn_Latn,38.6,4.7
grt_Beng,20.1,1.6
gsl_Latn,6.2,12.5
gso_Latn,19.0,1.3
gub_Latn,66.8,0.6
guc_Latn,60.7,2.3
gud_Latn,17.8,3.4
guh_Latn,71.6,0.7
gui_Latn,14.9,22.8
guj_Gujr,210.8,2.6
guk_Ethi,19.4,3.6
gum_Latn,26.0,2.6
guo_Latn,28.7,1.1
guq_Latn,47.8,0.6
gur_Latn,11.6,27.7
guu_Latn,31.8,1.5
gux_Latn,18.2,1.6
guz_Latn,6.0,12.7
gvc_Latn,27.9,1.3
gvl_Latn,21.6,1.5
gwc_Arab,8.4,8.6
gwe_Latn,6.4,33.9
gwi_Latn,31.1,1.8
gwr_Latn,56.5,0.9
gwt_Arab,9.3,3.9
gym_Latn,49.9,2.3
gyr_Latn,24.7,0.9
gyz_Latn,6.9,14.9
had_Latn,49.9,0.6
hag_Latn,16.2,2.3
hah_Latn,6.4,34.3
hak_Latn,19.4,1.6
hao_Latn,6.7,24.2
hap_Latn,72.2,0.9
hat_Latn,159.5,10.6
hau_Latn,836.4,3.5
haw_Latn,3.7,5.4
hay_Latn,18.7,1.5
hbb_Latn,6.4,20.9
hch_Latn,5.1,8.4
heb_Hebr,155.5,6.7
heh_Latn,20.7,1.1
her_Latn,10.2,17.3
hia_Latn,7.5,30.5
hif_Latn,19.2,0.8
hig_Latn,26.8,2.7
hil_Latn,116.2,0.2
hin_Deva,236.7,3.6
hkk_Latn,5.0,26.8
hla_Latn,6.7,27.4
hlb_Deva,36.9,0.5
hlt_Latn,44.7,1.5
hne_Deva,61.2,1.2
hnn_Latn,45.7,0.2
hno_Arab,12.2,17.1
hns_Latn,21.8,0.4
hoc_Orya,62.0,1.9
hoy_Deva,0.9,3.5
hrv_Latn,505.0,2.4
hsb_Latn,9.1,4.8
hto_Latn,29.3,1.3
hub_Latn,25.2,0.7
hue_Latn,6.3,17.2
hui_Latn,20.7,1.5
hul_Latn,6.4,21.4
hun_Latn,356.2,1.6
hus_Latn,62.1,0.8
huu_Latn,56.9,0.7
huv_Latn,22.7,2.0
hux_Latn,6.8,4.2
hvn_Latn,1.5,1.9
hwc_Latn,55.6,0.4
hwo_Latn,7.6,32.7
hye_Armn,294.2,1.9
hyw_Armn,61.0,0.8
iba_Latn,73.3,0.5
ibb_Latn,4.6,6.0
ibo_Latn,729.6,9.1
icr_Latn,41.0,1.2
ida_Latn,6.4,30.6
idd_Latn,42.4,1.6
idu_Latn,7.3,27.4
ifa_Latn,44.7,0.7
ifb_Latn,24.4,0.5
ife_Latn,50.1,2.0
ifk_Latn,19.2,2.3
ifu_Latn,25.6,0.7
ify_Latn,23.9,0.8
igl_Latn,7.6,27.6
ign_Latn,29.7,1.6
ijc_Latn,6.6,66.6
ijn_Latn,7.2,25.3
ikk_Latn,33.1,3.1
ikw_Latn,6.5,42.9
ilb_Latn,17.4,2.4
ilo_Latn,189.2,0.3
imo_Latn,4.6,1.2
ina_Latn,5.1,4.8
inb_Latn,29.3,3.9
ind_Latn,1799.5,1.8
iou_Latn,24.9,1.7
ipi_Latn,25.5,1.5
ipk_Latn,4.2,2.1
iqw_Latn,24.5,2.9
iri_Latn,32.9,2.1
irk_Latn,11.9,3.9
ish_Latn,7.8,55.4
isl_Latn,137.4,3.8
iso_Latn,22.4,32.1
ita_Latn,3487.9,1.6
itl_Cyrl,2.5,5.3
its_Latn,8.2,33.1
itv_Latn,25.2,2.2
itw_Latn,6.6,21.9
itz_Latn,5.6,9.6
ixl_Latn,109.7,1.8
izr_Latn,19.7,4.5
izz_Latn,21.1,3.2
jac_Latn,27.0,2.7
jal_Latn,8.1,21.3
jam_Latn,50.8,0.7
jav_Latn,363.9,1.8
jax_Latn,7.1,15.3
jbu_Latn,25.7,3.1
jen_Latn,7.0,3.7
jic_Latn,29.4,2.8
jiv_Latn,21.7,1.7
jmc_Latn,20.4,2.6
jmd_Latn,4.5,2.2
jmx_Latn,7.1,18.5
jpn_Jpan,934.8,19.2
jqr_Latn,7.0,11.6
juk_Latn,6.5,25.0
jun_Orya,60.4,1.3
juo_Latn,7.2,32.5
juy_Orya,0.9,4.6
jvn_Latn,24.2,0.4
kaa_Cyrl,18.6,2.6
kab_Latn,159.5,6.2
kac_Latn,23.7,0.7
kai_Latn,7.4,36.5
kaj_Latn,6.1,29.2
kak_Latn,45.2,0.5
kam_Latn,51.1,10.3
kan_Knda,220.6,2.3
kao_Latn,16.8,2.0
kaq_Latn,63.1,1.3
kas_Arab,7.3,165.8
kat_Geor,327.0,1.9
kay_Latn,3.6,2.6
kaz_Cyrl,407.0,2.6
kbd_Cyrl,139.5,6.3
kbl_Latn,6.7,34.8
kbo_Latn,55.6,0.8
kbp_Latn,111.4,2.1
kbq_Latn,20.1,4.1
kbr_Latn,22.9,1.5
kbt_Latn,6.1,25.0
kby_Latn,8.6,1.2
kca_Cyrl,2.0,3.7
kcg_Latn,49.8,2.2
kcn_Latn,6.1,16.1
kcq_Latn,7.3,23.3
kdc_Latn,41.1,0.3
kde_Latn,27.5,0.8
kdh_Latn,25.6,1.5
kdi_Latn,18.5,0.9
kdj_Latn,21.6,1.2
kdl_Latn,35.9,2.3
kdn_Latn,20.7,1.3
kdt_Khmr,44.9,1.0
kea_Latn,111.3,3.6
kek_Latn,47.0,2.0
ken_Latn,21.8,4.8
keo_Latn,23.1,0.9
ker_Latn,22.1,2.5
keu_Latn,6.8,22.7
key_Telu,26.2,1.6
kez_Latn,19.6,2.2
kfb_Deva,20.6,1.7
kff_Telu,19.0,4.8
kfk_Deva,4.5,23.4
kfq_Deva,5.2,31.4
kfr_Gujr,4.3,46.1
kfw_Latn,41.3,1.7
kfx_Deva,19.8,3.8
kha_Latn,7.7,36.9
khg_Tibt,40.5,3.5
khm_Khmr,197.4,4.8
khq_Latn,16.0,1.0
khw_Arab,13.0,4.5
kia_Latn,37.7,1.0
kij_Latn,46.8,1.2
kik_Latn,515.0,0.9
kin_Latn,4233.6,4.4
kir_Cyrl,221.2,2.6
kjb_Latn,23.8,2.3
kjc_Latn,6.7,14.8
kje_Latn,57.4,0.9
kjg_Latn,2.3,3.0
kjh_Cyrl,39.0,1.2
kjk_Latn,6.4,15.0
kki_Latn,20.4,1.4
kkj_Latn,23.3,1.5
kle_Deva,36.0,3.1
kln_Latn,13.3,16.0
kls_Latn,7.0,3.6
klu_Latn,20.6,4.3
klv_Latn,21.5,1.0
klw_Latn,1.1,1.5
kma_Latn,20.8,2.0
kmd_Latn,45.0,0.6
kml_Latn,43.8,0.5
kmr_Arab,29.3,1.2
kmr_Cyrl,38.0,0.4
kmr_Latn,213.8,3.4
kmu_Latn,59.6,4.3
kmy_Latn,6.7,20.2
kna_Latn,8.4,17.6
knb_Latn,42.0,0.6
knc_Latn,6.6,14.2
kne_Latn,43.8,0.3
knf_Latn,18.2,1.5
knj_Latn,27.4,2.7
knk_Latn,19.4,4.8
knn_Deva,9.2,20.9
kno_Latn,23.8,4.8
kog_Latn,65.7,0.8
kol_Latn,5.1,27.5
koo_Latn,11.9,13.2
kor_Hang,5711.6,5.8
kpo_Latn,4.9,32.8
kpq_Latn,56.7,1.4
kps_Latn,1.2,6.4
kpv_Cyrl,35.8,0.9
kpy_Cyrl,2.3,4.0
kpz_Latn,18.2,2.3
kqe_Latn,54.1,0.3
kqo_Latn,3.9,39.4
kqp_Latn,23.8,1.7
kqr_Latn,53.2,0.6
kqy_Ethi,20.4,1.9
krc_Cyrl,40.4,0.4
kri_Latn,66.9,0.4
krj_Latn,22.4,0.5
krl_Latn,18.8,1.2
krr_Khmr,5.7,2.9
krs_Latn,54.6,1.5
kru_Deva,48.5,2.6
krx_Latn,6.0,28.4
ksb_Latn,38.0,0.7
ksd_Latn,6.4,10.2
ksf_Latn,14.4,35.3
ksr_Latn,60.1,0.8
kss_Latn,51.5,4.0
ksz_Deva,7.1,35.6
ktb_Ethi,18.5,2.2
ktj_Latn,51.0,2.0
kto_Latn,6.3,25.1
kua_Latn,67.5,10.4
kub_Latn,29.0,2.0
kue_Latn,25.6,1.5
kuh_Latn,6.1,19.5
kum_Cyrl,17.9,0.9
kus_Latn,15.5,3.0
kvn_Latn,56.1,1.9
kvw_Latn,1.7,2.4
kvx_Arab,8.0,3.1
kwd_Latn,54.5,3.5
kwf_Latn,55.6,3.1
kwi_Latn,29.1,1.3
kwm_Latn,6.7,14.0
kxc_Ethi,20.2,3.2
kxf_Latn,11.9,3.0
kxm_Thai,18.6,0.8
kxp_Arab,13.9,23.5
kxv_Orya,1.0,2.9
kyb_Latn,42.8,0.5
kyc_Latn,22.8,1.1
kyf_Latn,36.2,2.0
kyg_Latn,4.0,9.2
kyo_Latn,1.5,3.4
kyq_Latn,21.6,2.3
kyu_Kali,31.7,2.3
kyx_Latn,6.1,12.6
kyz_Latn,67.9,1.6
kzf_Latn,52.8,0.4
kzi_Latn,6.4,21.6
lac_Latn,33.4,1.5
lag_Latn,6.6,18.0
laj_Latn,17.3,2.1
lam_Latn,20.3,1.6
lao_Laoo,184.8,6.6
las_Latn,18.8,3.2
lat_Latn,35.7,0.7
lav_Latn,62.3,1.7
law_Latn,70.5,0.6
lbj_Tibt,1.3,5.6
lbw_Latn,49.0,0.5
lcm_Latn,0.7,25.7
lcp_Thai,40.1,0.9
ldb_Latn,3.1,36.7
led_Latn,6.9,8.4
lee_Latn,20.0,2.3
lef_Latn,22.2,1.5
lem_Latn,27.7,4.1
lew_Latn,51.1,0.3
lex_Latn,63.7,2.0
lgg_Latn,21.1,1.3
lgl_Latn,26.9,4.7
lhu_Latn,33.4,1.1
lia_Latn,23.3,2.0
lid_Latn,63.6,0.5
lif_Deva,21.0,1.7
lij_Latn,22.9,5.1
lin_Latn,168.2,3.9
lip_Latn,26.3,2.7
lir_Latn,7.8,17.6
lis_Lisu,36.7,2.7
lit_Latn,93.1,3.4
lje_Latn,42.9,1.0
ljp_Latn,22.5,0.5
lkb_Latn,6.4,28.8
lke_Latn,6.9,16.2
lla_Latn,5.9,34.5
llg_Latn,1.6,1.1
lln_Latn,57.2,1.3
lme_Latn,16.7,2.7
lnd_Latn,42.7,0.3
lns_Latn,40.5,1.8
lnu_Latn,3.6,36.6
loa_Latn,4.8,11.3
lob_Latn,15.5,2.8
lok_Latn,47.1,2.2
lom_Latn,21.0,3.4
lon_Latn,38.6,0.9
loq_Latn,17.3,2.5
lrk_Arab,8.0,13.2
lsi_Latn,48.5,2.7
lsm_Latn,27.3,1.6
lss_Arab,6.9,18.1
ltg_Latn,7.1,7.9
lth_Latn,6.0,6.7
lto_Latn,6.4,28.8
ltz_Latn,9.9,5.9
lua_Latn,8.3,4.5
luc_Latn,45.9,1.0
lug_Latn,178.2,4.2
luo_Latn,290.9,5.7
lus_Latn,6.6,21.4
lwg_Latn,6.3,15.7
lwo_Latn,25.0,2.3
lww_Latn,33.9,3.2
lzz_Latn,4.9,2.4
maa_Latn,39.8,3.0
mab_Latn,7.1,31.9
mad_Latn,24.1,0.8
maf_Latn,4.4,60.2
mag_Deva,37.7,2.7
mah_Latn,17.1,1.7
mai_Deva,23.9,1.3
maj_Latn,37.7,1.5
mak_Latn,25.5,0.7
mal_Mlym,339.6,5.3
mam_Latn,125.6,3.6
maq_Latn,3.9,2.2
mar_Deva,157.3,3.7
mau_Latn,58.1,9.4
maw_Latn,21.9,3.3
max_Latn,5.8,7.3
maz_Latn,30.9,2.7
mbb_Latn,27.5,0.6
mbc_Latn,63.3,1.0
mbh_Latn,29.4,1.3
mbj_Latn,48.4,1.4
mbt_Latn,22.5,0.4
mbu_Latn,41.0,2.5
mbz_Latn,0.6,5.0
mca_Latn,23.3,6.5
mcb_Latn,34.9,0.6
mcd_Latn,64.6,2.6
mcf_Latn,7.3,5.6
mco_Latn,47.0,4.2
mcp_Latn,40.8,2.8
mcq_Latn,45.9,1.6
mcu_Latn,23.6,2.1
mcx_Latn,7.0,9.7
mda_Latn,29.5,2.1
mdd_Latn,7.0,3.4
mdf_Cyrl,0.3,14.8
mdv_Latn,1.6,1.9
mdy_Ethi,19.3,1.7
med_Latn,48.5,1.5
mee_Latn,4.1,2.2
meh_Latn,6.1,11.0
mej_Latn,72.0,0.6
mek_Latn,6.0,23.0
mel_Latn,6.3,16.4
men_Latn,24.7,4.1
meq_Latn,26.1,2.5
mer_Latn,7.5,22.0
met_Latn,42.4,0.8
meu_Latn,9.8,7.2
mev_Latn,23.0,3.0
mfe_Latn,55.7,0.4
mfh_Latn,20.6,4.7
mfi_Latn,27.7,3.4
mfk_Latn,48.0,1.5
mfm_Latn,3.5,35.6
mfn_Latn,6.0,48.6
mfo_Latn,5.2,42.9
mfq_Latn,19.8,2.0
mfv_Latn,4.8,35.5
mfy_Latn,25.5,2.4
mfz_Latn,28.1,1.6
mgd_Latn,47.8,1.4
mge_Latn,39.8,0.9
mgg_Latn,7.2,12.0
mgh_Latn,32.9,1.8
mgi_Latn,3.2,25.0
mgo_Latn,39.4,3.1
mhi_Latn,19.6,2.1
mhk_Latn,8.2,4.6
mhr_Cyrl,280.2,2.6
mhu_Latn,2.2,4.2
mhx_Latn,50.2,1.9
mhy_Latn,42.9,0.4
mib_Latn,50.4,2.0
mie_Latn,26.3,1.8
mif_Latn,22.6,1.4
mig_Latn,6.4,33.0
mih_Latn,51.1,1.5
mil_Latn,62.0,1.3
mim_Latn,74.2,0.8
min_Latn,28.9,1.5
mio_Latn,24.5,1.1
mip_Latn,36.1,1.7
miq_Latn,35.2,1.2
mit_Latn,25.3,2.3
miu_Latn,6.0,16.1
miy_Latn,47.1,2.4
miz_Latn,20.5,4.9
mjl_Deva,20.1,2.4
mjv_Mlym,36.6,2.2
mkd_Cyrl,120.3,2.0
mkf_Latn,5.4,26.7
mki_Arab,6.8,6.4
mkl_Latn,38.5,1.5
mkn_Latn,1.2,0.4
mlg_Latn,82.6,2.3
mlq_Latn,6.0,22.8
mlt_Latn,156.5,3.0
mmc_Latn,7.4,19.2
mmg_Latn,1.5,4.5
mnb_Latn,25.8,0.6
mne_Latn,4.7,38.5
mnf_Latn,19.9,5.1
mni_Beng,7.6,51.1
mnk_Latn,20.3,1.1
mnw_Mymr,49.8,0.8
mnx_Latn,70.6,0.8
moa_Latn,51.3,2.4
mog_Latn,26.0,0.9
mon_Cyrl,28.2,5.5
mop_Latn,25.5,1.5
mor_Latn,21.4,3.1
mos_Latn,119.5,1.9
mox_Latn,29.7,1.1
moz_Latn,40.6,2.8
mpg_Latn,17.9,1.5
mpm_Latn,57.6,1.4
mpp_Latn,19.8,1.0
mpx_Latn,19.9,0.8
mqb_Latn,24.4,2.1
mqf_Latn,73.5,1.6
mqj_Latn,43.4,0.9
mqn_Latn,42.2,0.4
mqy_Latn,6.8,13.7
mri_Latn,19.0,6.7
mrj_Cyrl,14.8,11.2
mrr_Deva,7.8,26.7
mrt_Latn,3.8,38.0
mrw_Latn,22.7,0.9
msh_Latn,8.4,10.1
msi_Latn,10.5,5.6
msw_Latn,5.5,28.1
msy_Latn,21.5,1.5
mtd_Latn,2.1,0.9
mtj_Latn,72.4,0.8
mto_Latn,50.2,1.1
mtr_Deva,5.5,79.0
mtu_Latn,6.5,43.7
mtx_Latn,6.4,38.5
mua_Latn,6.8,20.9
mug_Latn,2.4,7.7
muh_Latn,27.0,2.3
mui_Latn,7.1,10.0
mup_Deva,35.1,1.2
mur_Latn,20.4,1.7
muv_Mlym,34.0,2.3
muy_Latn,46.8,2.1
mve_Arab,7.0,5.7
mvp_Latn,23.1,1.0
mvy_Arab,18.7,8.6
mwq_Latn,21.1,3.1
mwv_Latn,20.0,0.8
mxb_Latn,55.9,1.3
mxq_Latn,19.1,2.1
mxs_Latn,6.3,42.9
mxt_Latn,48.7,1.8
mxu_Latn,9.3,11.0
mxv_Latn,51.1,1.0
mxy_Latn,6.6,25.8
mya_Mymr,321.1,4.4
myb_Latn,19.7,2.8
myk_Latn,20.0,4.4
myl_Latn,1.0,0.6
myv_Cyrl,45.5,6.8
myx_Latn,21.9,2.0
myy_Latn,51.2,0.7
mza_Latn,29.2,1.4
mzi_Latn,35.7,2.4
mzj_Latn,13.8,4.0
mzk_Latn,25.4,2.0
mzl_Latn,6.4,20.0
mzm_Latn,23.2,2.2
mzw_Latn,19.0,1.7
nab_Latn,37.4,1.6
nag_Latn,21.1,1.1
nal_Latn,7.1,35.1
nan_Latn,25.1,20.0
nap_Latn,5.1,22.1
nas_Latn,20.9,0.9
naw_Latn,45.6,1.9
nbh_Latn,5.3,30.5
nca_Latn,31.6,1.1
ncf_Latn,6.2,25.2
nch_Latn,73.5,0.6
ncj_Latn,51.2,0.9
ncl_Latn,12.5,0.5
nco_Latn,6.3,20.5
ncu_Latn,25.5,3.4
ncx_Latn,22.3,1.5
ndi_Latn,5.9,39.3
ndj_Latn,19.9,2.6
ndo_Latn,6.5,12.2
ndp_Latn,25.7,0.8
ndv_Latn,31.3,2.1
ndy_Latn,38.8,1.4
ndz_Latn,29.1,1.9
neb_Latn,29.8,2.2
nep_Deva,11.3,6.5
new_Deva,37.9,2.2
nfa_Latn,1.5,1.9
nfr_Latn,18.6,2.2
nga_Latn,42.5,1.0
ngi_Latn,5.9,25.1
ngl_Latn,48.3,1.1
ngp_Latn,18.6,3.0
ngu_Latn,54.2,3.3
nhe_Latn,25.7,0.4
nhg_Latn,6.6,28.7
nhi_Latn,21.7,9.5
nhn_Latn,5.4,33.1
nhq_Latn,6.2,19.6
nhu_Latn,21.0,2.9
nhw_Latn,25.3,0.3
nhx_Latn,82.6,1.0
nhy_Latn,43.0,0.7
nia_Latn,41.4,0.9
nij_Latn,28.6,0.8
nim_Latn,19.6,1.7
nin_Latn,47.3,2.3
nja_Latn,6.5,27.2
nko_Latn,36.0,2.5
nla_Latn,5.9,12.8
nlc_Latn,51.7,2.1
nld_Latn,2163.6,1.8
nlg_Latn,50.6,0.6
nlk_Latn,53.9,0.6
nlv_Latn,8.5,1.7
nmg_Latn,7.5,8.0
nmz_Latn,42.9,6.3
nnb_Latn,24.6,1.3
nnh_Latn,15.9,9.2
nno_Latn,0.5,10.6
nnq_Latn,21.1,4.5
nnw_Latn,21.3,2.1
noa_Latn,25.9,4.9
nob_Latn,290.7,5.9
nod_Thai,18.9,1.2
noe_Deva,6.6,20.2
nog_Cyrl,34.0,0.6
not_Latn,66.4,0.9
npi_Deva,24.5,12.3
npl_Latn,23.1,1.2
npy_Latn,29.3,0.3
nso_Latn,13.3,5.3
nst_Latn,13.3,1.6
nsu_Latn,39.5,0.6
ntm_Latn,43.9,1.4
ntr_Latn,21.2,2.1
nuj_Latn,48.9,1.5
nup_Latn,8.4,28.1
nus_Latn,17.7,3.4
nuz_Latn,4.6,1.4
nwb_Latn,22.7,4.8
nxq_Latn,51.6,1.0
nya_Latn,34.4,3.6
nyf_Latn,22.0,0.7
nyn_Latn,40.7,1.3
nyo_Latn,20.2,1.4
nyu_Latn,28.7,3.9
nyy_Latn,23.8,1.4
nzi_Latn,42.4,1.5
obo_Latn,56.3,0.2
oci_Latn,14.7,10.2
odk_Arab,13.5,33.9
odu_Latn,6.6,42.0
ogo_Latn,8.0,34.5
ojb_Cans,35.0,2.3
ojb_Latn,37.3,1.0
oku_Latn,35.5,2.7
old_Latn,19.2,3.8
omw_Latn,54.2,0.6
onb_Latn,41.4,1.4
ood_Latn,23.5,3.6
orc_Latn,10.5,38.2
orm_Latn,98.5,7.8
oru_Arab,12.9,3.5
ory_Orya,51.8,5.8
oss_Cyrl,17.9,14.6
ote_Latn,21.0,0.9
otq_Latn,15.9,6.8
ozm_Latn,17.7,4.8
pab_Latn,33.6,1.3
pad_Latn,35.9,1.3
pag_Latn,123.2,0.5
pam_Latn,20.4,0.8
pan_Guru,207.5,4.3
pao_Latn,18.0,2.7
pap_Latn,160.0,0.5
pau_Latn,18.5,2.4
pbb_Latn,19.3,4.5
pbc_Latn,27.3,0.8
pbi_Latn,25.1,1.5
pbs_Latn,6.7,11.6
pbt_Arab,5.6,8.8
pbu_Arab,5.2,7.5
pce_Thai,23.5,0.7
pcm_Latn,24.4,4.6
peg_Orya,0.9,6.1
pex_Latn,6.6,10.0
pez_Latn,46.6,0.3
phl_Arab,17.9,4.3
phr_Arab,17.4,23.0
pib_Latn,45.3,1.0
pil_Latn,39.3,1.0
pip_Latn,5.7,27.8
pir_Latn,28.1,0.7
pis_Latn,25.2,0.4
piy_Latn,7.2,34.1
pjt_Latn,62.2,0.6
pkb_Latn,20.7,1.2
pko_Latn,4.7,30.6
plk_Arab,10.2,3.8
pls_Latn,40.5,1.3
plt_Latn,10.9,7.1
plw_Latn,44.2,0.4
pmf_Latn,30.4,0.3
pmq_Latn,4.3,35.5
pms_Latn,5.0,9.4
pmy_Latn,4.7,6.8
pnb_Arab,11.9,31.2
pne_Latn,8.4,9.1
pny_Latn,39.1,4.7
poc_Latn,4.4,16.8
poe_Latn,6.2,14.3
poh_Latn,86.0,3.1
poi_Latn,49.5,0.9
pol_Latn,667.0,1.9
por_Latn,3964.9,2.1
pov_Latn,12.4,15.4
pow_Latn,6.6,28.0
poy_Latn,18.3,2.4
ppk_Latn,51.1,0.6
pps_Latn,38.9,3.2
prf_Latn,19.3,0.4
prk_Latn,39.8,1.3
prq_Latn,6.7,3.2
prt_Thai,56.6,2.4
pse_Latn,45.6,0.3
pss_Latn,57.4,0.7
pst_Arab,5.3,3.5
ptu_Latn,22.9,0.8
pua_Latn,7.1,3.9
pui_Latn,41.6,4.7
pus_Arab,28.7,12.6
pwg_Latn,57.8,0.5
pwn_Latn,11.5,4.1
pww_Thai,22.5,1.3
pxm_Latn,39.1,1.6
qub_Latn,37.8,0.6
quc_Latn,100.8,2.2
quf_Latn,27.3,0.8
qug_Latn,74.9,17.5
quh_Latn,268.8,0.5
qul_Latn,27.4,0.6
qum_Latn,6.7,21.1
qup_Latn,8.5,2.6
qur_Latn,7.0,4.0
qus_Latn,10.0,5.2
quv_Latn,6.2,17.5
quw_Latn,21.5,0.5
qux_Latn,6.7,4.3
quy_Latn,174.2,2.7
quz_Latn,141.2,0.2
qva_Latn,6.7,2.2
qvc_Latn,27.4,1.1
qve_Latn,29.6,0.2
qvh_Latn,45.0,0.4
qvi_Latn,76.0,3.5
qvj_Latn,7.8,3.8
qvl_Latn,6.9,1.7
qvm_Latn,23.6,0.2
qvn_Latn,24.8,0.5
qvo_Latn,19.4,0.8
qvs_Latn,30.8,0.4
qvw_Latn,23.4,1.7
qvz_Latn,32.7,0.5
qwa_Latn,7.0,2.7
qwh_Latn,24.4,1.4
qws_Latn,7.2,3.5
qxa_Latn,7.1,1.8
qxh_Latn,18.7,1.1
qxl_Latn,42.4,0.4
qxn_Latn,28.6,0.7
qxo_Latn,26.0,0.9
qxp_Latn,9.9,1.4
qxr_Latn,46.4,0.4
qxt_Latn,7.2,3.4
qxu_Latn,7.1,2.6
qxw_Latn,8.4,4.7
rag_Latn,6.3,28.7
rah_Beng,2.1,4.1
rai_Latn,23.9,1.0
rap_Latn,52.8,0.8
rav_Deva,22.5,1.7
raw_Latn,21.6,2.6
rej_Latn,39.8,1.2
rel_Latn,48.3,0.8
rgu_Latn,1.5,1.8
rhg_Latn,9.2,2.4
rif_Arab,33.8,3.2
rif_Latn,16.8,3.3
ril_Latn,0.6,3.7
rim_Latn,22.9,3.0
rjs_Deva,35.8,1.3
rkt_Beng,40.7,1.1
rmc_Cyrl,1.9,1.5
rmc_Latn,35.0,0.6
rmo_Latn,22.2,0.8
rmy_Cyrl,83.2,3.0
rmy_Latn,24.1,1.0
rng_Latn,88.6,0.9
rnl_Latn,46.1,1.6
rob_Latn,5.9,26.9
rof_Latn,14.4,22.5
roh_Latn_lowe1386,1.0,10.7
roh_Latn_surs1244,2.5,6.2
rol_Latn,41.6,0.4
ron_Latn,363.9,1.7
roo_Latn,6.4,30.7
rop_Latn,1.2,2.3
rro_Latn,34.6,1.2
rth_Latn,5.9,16.5
rub_Latn,60.0,1.0
ruc_Latn,6.7,13.3
ruf_Latn,19.5,1.8
rug_Latn,48.9,0.5
run_Latn,112.7,1.0
rus_Cyrl,8367.3,1.5
rwm_Latn,6.8,15.7
rwr_Deva,5.6,75.4
sab_Latn,34.6,0.6
sag_Latn,99.2,0.5
sah_Cyrl,22.9,3.1
saj_Latn,29.0,0.4
saq_Latn,37.1,2.1
sas_Latn,20.3,0.6
sat_Olck,0.4,4.9
sau_Latn,6.4,19.6
say_Latn,5.7,38.1
sba_Latn,21.7,2.3
sbd_Latn,18.4,2.6
sbl_Latn,24.9,0.3
sbn_Arab,7.7,7.2
sbp_Latn,50.2,0.5
sch_Latn,39.3,2.2
sck_Deva,38.6,1.1
scl_Arab,6.9,14.9
scn_Latn,8.1,5.2
sco_Latn,7.0,9.5
sda_Latn,43.6,0.4
sdo_Latn,6.5,14.0
sea_Latn,9.3,0.8
seh_Latn,80.2,0.4
sei_Latn,7.1,7.1
ses_Latn,17.0,0.9
sey_Latn,61.8,0.3
sgb_Latn,26.1,0.4
sgj_Deva,13.9,1.8
sgw_Ethi,19.8,2.7
shi_Latn,20.0,2.7
shk_Latn,19.1,4.2
shn_Mymr,32.1,1.6
sho_Latn,27.6,2.8
shp_Latn,27.1,1.1
sid_Latn,86.5,0.6
sig_Latn,23.9,1.7
sil_Latn,22.2,1.7
sin_Sinh,225.4,7.2
sip_Tibt,4.4,74.4
siw_Latn,7.1,14.0
sja_Latn,26.5,2.2
sjm_Latn,49.4,0.2
sjp_Deva,7.0,18.9
sjr_Latn,6.7,32.2
skg_Latn,4.6,8.7
skr_Arab,1.5,17.0
sld_Latn,18.2,3.1
slk_Latn,219.6,4.5
slu_Latn,5.5,1.6
slv_Latn,206.0,3.6
sml_Latn,23.1,0.7
smo_Latn,68.5,1.5
sna_Latn,220.2,1.9
snc_Latn,6.8,11.3
snd_Arab,12.6,6.6
sne_Latn,46.0,0.6
snk_Latn,7.1,16.7
snn_Latn,66.4,0.6
snp_Latn,49.0,0.8
snv_Latn,2.1,24.0
snw_Latn,25.0,0.9
sol_Latn,6.5,15.0
som_Latn,501.2,6.1
soy_Latn,38.5,2.0
spa_Latn,10886.7,1.3
spp_Latn,16.7,2.8
sps_Latn,5.9,17.9
spy_Latn,17.5,2.7
src_Latn,6.8,8.2
srd_Latn,1.2,16.3
sri_Latn,24.9,2.6
srm_Latn,70.2,1.2
srn_Latn,83.9,1.7
sro_Latn,5.6,9.3
srp_Cyrl,278.0,3.0
srr_Latn,32.5,30.8
srx_Deva,19.3,2.8
ssi_Arab,7.5,7.1
ste_Latn,4.9,19.3
stn_Latn,53.1,3.3
stp_Latn,25.6,1.2
sua_Latn,6.6,16.6
suc_Latn,47.1,0.2
suk_Latn,20.2,2.0
sun_Latn,98.6,0.6
sur_Latn,22.6,1.6
sus_Latn,19.3,1.6
suv_Latn,3.7,3.7
suz_Deva,48.3,1.3
sva_Geor,12.4,6.8
swe_Latn,238.9,2.4
swh_Latn,461.8,2.8
swv_Deva,6.9,59.2
sxb_Latn,50.2,0.9
sxn_Latn,41.8,1.5
sya_Latn,1.1,1.3
syl_Latn,7.7,0.7
sza_Latn,3.3,2.2
szy_Latn,10.7,2.5
tac_Latn,31.5,1.3
taj_Deva,21.4,1.1
tam_Taml,379.3,5.2
tan_Latn,7.1,16.0
tao_Latn,59.9,1.3
tap_Latn,21.9,0.8
taq_Latn,39.2,3.6
tar_Latn,11.1,12.8
tat_Cyrl,217.2,3.6
tav_Latn,54.1,1.4
tay_Latn,8.6,2.6
tbc_Latn,32.2,1.1
tbf_Latn,6.6,23.3
tbg_Latn,36.6,2.1
tbk_Latn,69.6,0.6
tbl_Latn,52.7,0.8
tby_Latn,22.9,0.4
tbz_Latn,14.2,3.3
tca_Latn,37.2,1.0
tcc_Latn,39.3,2.9
tcf_Latn,67.6,15.4
tcs_Latn,0.7,5.4
tcy_Mlym,7.5,25.0
tcz_Latn,2.2,3.0
tdj_Latn,1.3,1.3
tdn_Latn,4.0,17.6
tdx_Latn,15.1,14.9
ted_Latn,49.7,1.7
tee_Latn,30.9,1.1
tel_Telu,229.3,6.5
tem_Latn,19.1,4.1
teo_Latn,17.4,1.7
ter_Latn,32.5,1.1
tes_Latn,1.0,1.4
tew_Latn,18.1,1.6
tex_Latn,49.9,1.4
tfr_Latn,23.5,1.6
tgc_Latn,5.0,27.1
tgj_Latn,55.0,2.3
tgk_Cyrl,125.9,2.1
tgo_Latn,41.9,3.2
tgp_Latn,18.1,2.4
tha_Thai,514.9,4.9
the_Deva,6.0,13.9
thk_Latn,18.4,1.9
thl_Deva,42.2,1.7
thq_Deva,7.3,26.7
thr_Deva,5.5,17.5
tig_Ethi,25.9,7.8
tih_Latn,42.9,0.4
tik_Latn,20.9,3.0
tio_Latn,3.8,24.6
tir_Ethi,88.7,9.8
tkg_Latn,10.2,16.4
tkr_Latn,1.8,5.3
tkt_Deva,7.5,19.4
tlb_Latn,61.3,1.7
tli_Latn,7.1,5.5
tlj_Latn,46.9,1.1
tlp_Latn,4.6,12.1
tly_Latn,39.8,0.9
tmc_Latn,48.2,2.8
tmf_Latn,62.4,1.6
tna_Latn,53.9,0.5
tng_Latn,38.3,0.7
tnk_Latn,22.8,0.8
tnn_Latn,24.6,1.9
tnp_Latn,1.3,3.2
tnr_Latn,54.0,1.3
tnt_Latn,56.7,0.9
tob_Latn,64.1,8.7
toc_Latn,28.1,2.8
toh_Latn,31.2,1.3
tok_Latn,2.5,2.1
tom_Latn,48.2,0.5
top_Latn,77.1,12.7
tos_Latn,36.4,1.6
tpi_Latn,117.0,0.2
tpl_Latn,1.8,18.1
tpm_Latn,21.6,1.9
tpp_Latn,23.4,1.4
tpt_Latn,22.4,1.5
tpz_Latn,5.5,16.0
tqp_Latn,5.4,25.3
trc_Latn,13.5,1.5
tri_Latn,29.7,1.2
trn_Latn,30.2,1.8
trp_Latn,8.7,10.1
trq_Latn,6.0,12.2
trs_Latn,49.1,1.4
trv_Latn,7.0,2.5
trw_Arab,12.4,5.7
tsn_Latn,522.5,6.7
tso_Latn,589.6,0.8
tsz_Latn,64.1,1.5
ttc_Latn,53.0,0.6
tte_Latn,44.3,0.3
ttj_Latn,14.3,15.0
ttq_Tfng,17.0,2.8
ttr_Latn,6.7,22.4
ttu_Latn,5.8,25.9
tue_Latn,21.2,0.8
tuf_Latn,65.6,1.9
tui_Latn,8.5,12.7
tuk_Arab,12.5,0.9
tuk_Latn,112.2,4.3
tul_Latn,6.2,17.3
tuo_Latn,26.3,2.4
tuq_Latn,5.4,43.7
tur_Latn,1126.0,2.1
tuv_Latn,6.3,22.1
tuy_Latn,6.9,20.0
tvo_Latn,7.2,6.6
tvu_Latn,7.0,19.0
tvw_Latn,55.5,0.3
twb_Latn,42.9,0.7
twe_Latn,1.2,3.6
twi_Latn,8.1,11.9
twu_Latn,32.2,8.7
txa_Latn,48.5,0.6
txq_Latn,31.8,0.8
txs_Latn,6.7,15.3
txu_Latn,63.6,1.2
txy_Latn,6.5,14.8
tye_Latn,24.9,2.7
tzh_Latn,84.3,0.7
tzj_Latn,89.7,1.7
tzo_Latn,141.4,0.9
ubl_Latn,41.8,0.9
ubu_Latn,67.0,0.6
udl_Latn,6.5,8.8
udm_Cyrl,49.1,0.7
udu_Latn,27.9,1.0
uig_Arab,190.5,1.4
uig_Cyrl,24.8,2.2
uki_Orya,7.4,28.6
ukr_Cyrl,425.2,2.1
ukv_Latn,6.8,11.6
umb_Latn,30.6,11.8
unr_Orya,0.9,3.8
upv_Latn,25.9,2.2
ura_Latn,28.5,3.0
urb_Latn,70.4,0.6
urd_Arab,237.5,3.5
urd_Deva,39.6,1.3
urd_Latn,20.3,0.8
urh_Latn,83.1,31.6
urk_Thai,24.1,0.6
urt_Latn,53.7,0.5
ury_Latn,53.4,0.8
ush_Arab,7.4,6.1
usp_Latn,23.4,2.4
uzb_Cyrl,62.7,0.5
uzb_Latn,64.9,3.9
uzn_Latn,23.1,5.7
vag_Latn,16.1,1.8
vah_Deva,8.2,10.5
vai_Latn,6.1,24.4
var_Latn,7.2,7.2
ver_Latn,7.3,28.0
vid_Latn,16.1,1.9
vie_Latn,1024.8,5.4
vif_Latn,43.5,2.6
vmc_Latn,6.5,21.3
vmj_Latn,6.5,14.5
vmm_Latn,6.9,24.9
vmp_Latn,6.0,12.7
vmw_Latn,105.4,2.4
vmy_Latn,18.9,1.1
vmz_Latn,4.0,13.9
vot_Latn,0.1,27.5
vro_Latn,9.5,4.2
vun_Latn,18.4,1.3
vut_Latn,34.5,3.5
wal_Ethi,18.1,0.7
wal_Latn,87.3,0.7
wap_Latn,64.3,0.7
war_Latn,28.6,0.5
waw_Latn,35.8,0.8
way_Latn,27.3,0.8
wba_Latn,26.9,0.9
wbl_Latn,9.1,8.3
wbr_Deva,5.5,33.0
wci_Latn,6.4,22.7
weo_Latn,6.3,15.3
wes_Latn,22.5,3.1
wja_Latn,7.1,39.4
wji_Latn,8.0,19.9
wlo_Latn,5.3,1.2
wlx_Latn,34.8,1.9
wmw_Latn,21.1,1.7
wob_Latn,26.3,3.9
wof_Latn,5.7,19.2
wol_Latn,50.4,11.1
wsg_Telu,39.5,1.0
wwa_Latn,18.6,2.6
xal_Cyrl,41.4,2.3
xdy_Latn,1.2,2.0
xed_Latn,44.4,1.9
xer_Latn,8.4,1.2
xhe_Arab,6.5,4.7
xho_Latn,598.8,4.9
xka_Arab,6.8,16.0
xkl_Latn,7.2,14.8
xmf_Geor,75.5,3.8
xmm_Latn,53.7,0.2
xmv_Latn,24.2,19.5
xnj_Latn,36.2,1.2
xnr_Deva,17.6,1.7
xog_Latn,37.2,0.9
xon_Latn,17.5,4.6
xpe_Latn,6.3,15.0
xrb_Latn,24.5,2.1
xsb_Latn,49.2,0.2
xsm_Latn,24.8,2.4
xsr_Deva,35.6,1.9
xsu_Latn,35.3,1.8
xta_Latn,3.5,1.5
xtd_Latn,62.8,1.8
xte_Latn,73.8,0.7
xti_Latn,6.4,36.5
xtm_Latn,52.5,0.6
xtn_Latn,23.8,2.8
xtu_Latn,6.7,20.4
xua_Taml,1.5,2.8
xuo_Latn,49.2,1.1
yaa_Latn,31.4,1.3
yad_Latn,10.8,3.1
yal_Latn,17.9,2.0
yam_Latn,23.5,2.3
yao_Latn,133.4,1.0
yaq_Latn,7.3,4.7
yas_Latn,40.2,3.1
yat_Latn,43.8,3.0
yav_Latn,5.8,15.1
yay_Latn,2.2,30.4
yaz_Latn,57.0,2.0
yba_Latn,44.0,3.1
ybb_Latn,42.5,4.2
ycl_Latn,53.5,0.8
ycn_Latn,24.4,1.3
ydd_Hebr,12.8,15.8
ydg_Arab,7.2,4.0
yea_Mlym,42.6,1.5
yer_Latn,6.4,22.6
yes_Latn,6.6,34.7
yka_Latn,45.4,0.4
yli_Latn,24.4,0.6
yor_Latn,828.1,9.0
yre_Latn,43.6,1.6
yua_Latn,108.1,1.6
yue_Hant,34.5,17.0
yuz_Latn,27.4,1.9
yva_Latn,33.7,0.7
zaa_Latn,24.5,3.8
zab_Latn,20.7,1.4
zac_Latn,2.0,3.2
zad_Latn,19.0,1.9
zae_Latn,27.6,0.8
zai_Latn,85.2,1.0
zam_Latn,6.5,2.9
zao_Latn,15.9,1.7
zaq_Latn,56.6,2.1
zar_Latn,45.3,1.5
zas_Latn,19.1,1.1
zav_Latn,8.2,2.6
zaw_Latn,19.2,2.1
zca_Latn,11.2,2.0
zga_Latn,66.2,6.5
zgh_Tfng,0.7,17.7
zim_Latn,48.1,0.6
ziw_Latn,19.1,1.6
zmz_Latn,44.9,1.2
zne_Latn,48.6,1.8
zoc_Latn,7.0,4.4
zoh_Latn,6.4,14.5
zor_Latn,7.0,8.0
zos_Latn,21.4,19.8
zpc_Latn,54.0,0.9
zpg_Latn,42.7,0.6
zpi_Latn,17.2,1.2
zpl_Latn,20.2,1.8
zpm_Latn,18.6,2.1
zpo_Latn,16.6,2.5
zpt_Latn,40.0,0.7
zpu_Latn,33.8,2.3
zpv_Latn,5.9,29.1
zpy_Latn,6.5,28.4
zpz_Latn,43.7,0.9
zsm_Latn,84.9,1.4
ztg_Latn,6.2,5.8
ztn_Latn,5.3,21.4
ztp_Latn,3.8,20.1
ztq_Latn,15.1,1.2
zts_Latn,4.5,36.4
ztu_Latn,5.9,20.0
zty_Latn,19.8,5.9
zul_Latn,633.7,17.9
zyb_Latn,28.8,0.9
zyp_Latn,48.9,0.8
zza_Latn,9.0,11.0
